school_id,staff_id,Title,first_name,last_name,email,mobile
1,1600050,,Juliette,Romaguera,staff50@ps.com,1431062562
1,1600051,,Lanny,Gottlieb,staff51@ps.com,2248609660
1,1600052,,Melva,Kshlerin,staff52@ps.com,
1,1600053,,Lise,Hauck,staff53@ps.com,2201293671
1,1600054,,Elmer,Schneider,staff54@ps.com,3353665572
1,1600055,,Pricilla,Thompson,staff55@ps.com,2938942608
1,1600056,,Pierre,Leuschke,staff56@ps.com,1468377551
1,1600057,,Doris,Graham,staff57@ps.com,9626148834
2,1600058,,Zina,Armstrong,staff58@ps.com,
1,1600059,,Louise,Mueller,staff59@ps.com,4993649668
1,1600060,,Berry,Willms,staff60@ps.com,8899387522
1,1600061,,Annette,Stiedemann,staff61@ps.com,8806835768
2,1600062,,Mariano,Boyer,staff62@ps.com,5699642124
2,1600063,,Dino,Ratke,staff63@ps.com,
1,1600064,,France,Lockman,staff64@ps.com,1195439251
1,1600065,,Edda,Goldner,staff65@ps.com,
1,1600066,,Chi,Lemke,staff66@ps.com,6779517804
1,1600067,,Daisy,Morissette,staff67@ps.com,4223045198
1,1600068,,Allan,Hilpert,staff68@ps.com,
2,1600069,,Carri,Weissnat,staff69@ps.com,5586252186
1,1600070,,Charolette,Beatty,staff70@ps.com,7702635623
1,1600071,,Tyron,Schneider,staff71@ps.com,2798931594
1,1600072,,Damien,Thompson,staff72@ps.com,2456967601
1,1600073,,Luke,Von,staff73@ps.com,
1,1600074,,Demetrius,Emard,staff74@ps.com,3462099750
1,1600075,,Alec,Stiedemann,staff75@ps.com,1502582703
1,1600076,,Star,Sawayn,staff76@ps.com,3899167966
1,1600077,,Shaquita,Beatty,staff77@ps.com,4513352255
1,1600078,,Santa,Williamson,staff78@ps.com,2150258790
1,1600079,,Jose,Grant,staff79@ps.com,2616990279
1,1600080,,Maura,Wolf,staff80@ps.com,5966137885
1,1600081,,Jamal,Lang,staff81@ps.com,6346493509
1,1600082,,Porfirio,Considine,staff82@ps.com,4805635115
1,1600083,,Ulysses,Ortiz,staff83@ps.com,
1,1600084,,Meredith,Schuppe,staff84@ps.com,4655616110
1,1600085,,Vera,Satterfield,staff85@ps.com,9199393207
1,1600086,,Bobbie,Torphy,staff86@ps.com,7110936780
1,1600087,,Matt,Turner,staff87@ps.com,6251892639
1,1600088,,Herschel,Grimes,staff88@ps.com,5166615217
1,1600089,,Marni,Barton,staff89@ps.com,7228087755
1,1600090,,Chang,Lesch,staff90@ps.com,
1,1600091,,Leeann,Cormier,staff91@ps.com,8127504917
1,1600092,,Nathanael,Glover,staff92@ps.com,2930310665
1,1600093,,Noma,Mann,staff93@ps.com,6583525035
1,1600094,,Drew,Reinger,staff94@ps.com,6003722470
1,1600095,,Virgil,Prohaska,staff95@ps.com,2488017472
1,1600096,,Frank,Goyette,staff96@ps.com,
1,1600097,,Miss,Hegmann,staff97@ps.com,6882107085
1,1600098,,Beula,Wehner,staff98@ps.com,